mode,workers,iterations,min_sec,mean_sec,max_sec,stddev_sec,sum,speedup,array_length,seed
single,1,5,0.003201000,0.003421000,0.003712000,0.000201000,50498721,1.0000,1000000,314159
process,4,5,0.001102000,0.001205000,0.001350000,0.000098000,50498721,2.8390,1000000,314159
thread,4,5,0.001023000,0.001150000,0.001298000,0.000112000,50498721,2.9748,1000000,314159
